<?xml version="1.0" encoding="UTF-8"?>
<project-private xmlns="http://www.netbeans.org/ns/project-private/1">
    <editor-bookmarks xmlns="http://www.netbeans.org/ns/editor-bookmarks/2" lastBookmarkId="0"/>
    <open-files xmlns="http://www.netbeans.org/ns/projectui-open-files/2">
        <group>
            <file>file:/C:/Users/Jose%20Abad/Documents/GitHub/ejemplos-java/ManejoArchivos/src/lecturaArchivos/LeerArchivoTexto.java</file>
            <file>file:/C:/Users/Jose%20Abad/Documents/GitHub/ejemplos-java/ManejoArchivos/src/nuevoPaquete2/Ejecutor.java</file>
            <file>file:/C:/Users/Jose%20Abad/Documents/GitHub/ejemplos-java/ManejoArchivos/src/nuevoPack/claseN.java</file>
            <file>file:/C:/Users/Jose%20Abad/Documents/GitHub/ejemplos-java/ManejoArchivos/src/lecturaArchivos/PruebaLeerArchivoTexto.java</file>
            <file>file:/C:/Users/Jose%20Abad/Documents/GitHub/ejemplos-java/ManejoArchivos/src/nuevoPaquete2/nClase.java</file>
        </group>
    </open-files>
</project-private>
